model,rmse,mae,mape,r2_score
nbeats,56.99028015136719,40.015506744384766,14.494680404663086,0.6458096504211426
