model,rmse,mae,mape,r2_score
gru,60.76877975463867,44.24290084838867,14.528779029846191,0.5972865223884583
