model,rmse,mae,mape,r2_score
tcn,56.991886138916016,39.41176223754883,14.869315147399902,0.6457897424697876
