model,rmse,mae,mape,r2_score
tide,60.68437194824219,42.701011657714844,16.07393455505371,0.5984045267105103
