model,rmse,mae,mape,r2_score
lstm,56.518768310546875,39.468109130859375,13.447660446166992,0.6516462564468384
