model,rmse,mae,mape,r2_score
tft,56.971988677978516,37.00654602050781,12.852823257446289,0.6460369825363159
